{
  "run_a": {
    "sharpe": 0.6263851143159448,
    "annual_return": 0.06433982717439468,
    "annual_volatility": 0.10904349680661991,
    "max_drawdown": -0.06652179560282157
  },
  "run_b": {
    "sharpe": 1.2113735385094948,
    "annual_return": 0.10286875941594609,
    "annual_volatility": 0.08491910723303273,
    "max_drawdown": -0.12634393528120239
  },
  "diff": {
    "sharpe": 0.58498842419355,
    "annual_return": 0.038528932241551406,
    "annual_volatility": -0.024124389573587188,
    "max_drawdown": -0.05982213967838082
  }
}