{
  "sharpe": 0.9982534699613402,
  "annual_return": 0.10060249985383352,
  "annual_volatility": 0.10077851255325923,
  "max_drawdown": -0.13903433482473201,
  "legacy_dataset": "test",
  "legacy_metrics_source": "/home/davidv/Dokumente/Offen/TEMA-Live-v2/Template/bl_portfolio_metrics.csv"
}