{
  "run_a": {
    "sharpe": 0.8429180711719256,
    "annual_return": 0.05916254528357334,
    "annual_volatility": 0.0701877766143019,
    "max_drawdown": -0.13174903813112612
  },
  "run_b": {
    "sharpe": 0.8429180711719256,
    "annual_return": 0.05916254528357334,
    "annual_volatility": 0.0701877766143019,
    "max_drawdown": -0.13174903813112612
  },
  "diff": {
    "sharpe": 0.0,
    "annual_return": 0.0,
    "annual_volatility": 0.0,
    "max_drawdown": 0.0
  }
}