dataset,total_return,annualized_return,annualized_volatility,sharpe_ratio,max_drawdown
train,0.4602955249809777,0.038527533568286865,0.016258799808408102,2.369641918363659,-0.013690819630841383
test,0.1382188446217234,0.01621741772585583,0.015787085232845575,1.0272585145809523,-0.022802212292616544
train_ml,0.03895038942684992,0.003822327169767936,0.0015955747323118533,2.3955801582729417,-0.002061517086484138
test_ml,0.016536129673719424,0.0020400593376801446,0.001613186385356795,1.2646147749560483,-0.0022252005230286765
