state,mean_return,variance
0,2.173590197833887e-05,2.5817540177172775e-08
1,0.00032471126359132925,2.3275940251464607e-06
