state,mean_return,variance
0,1.1515899873432643e-05,1.2507366365065946e-08
1,0.0002517293630797947,1.2876234418871533e-06
2,0.010830949844142394,1e-08
3,0.028641975497408805,1e-08
