{
  "run_a": {
    "sharpe": 0.6263851143159448,
    "annual_return": 0.06433982717439468,
    "annual_volatility": 0.10904349680661991,
    "max_drawdown": -0.06652179560282157
  },
  "run_b": {
    "sharpe": 1.0153548515065396,
    "annual_return": 0.10233028161006086,
    "annual_volatility": 0.10078277703428276,
    "max_drawdown": -0.1364666188620723
  },
  "diff": {
    "sharpe": 0.3889697371905948,
    "annual_return": 0.03799045443566618,
    "annual_volatility": -0.008260719772337152,
    "max_drawdown": -0.06994482325925072
  }
}