{
  "run_a": {
    "sharpe": 1.0419149400714591,
    "annual_return": 0.10519110469541881,
    "annual_volatility": 0.1009593975955507,
    "max_drawdown": -0.13171263356018376
  },
  "run_b": {
    "sharpe": 1.0419149400714591,
    "annual_return": 0.10519110469541881,
    "annual_volatility": 0.1009593975955507,
    "max_drawdown": -0.13171263356018376
  },
  "diff": {
    "sharpe": 0.0,
    "annual_return": 0.0,
    "annual_volatility": 0.0,
    "max_drawdown": 0.0
  }
}