{
  "sharpe": 1.0025032814621673,
  "annual_return": 0.10073758050495152,
  "annual_volatility": 0.10048603567464051,
  "max_drawdown": -0.13819244423819121,
  "legacy_dataset": "test",
  "legacy_metrics_source": "/home/davidv/Dokumente/Offen/TEMA-Live-v2/Template/bl_portfolio_metrics.csv"
}