{
  "run_a": {
    "sharpe": 0.4660539853153269,
    "annual_return": 0.020455493933566826,
    "annual_volatility": 0.04389082505050755,
    "max_drawdown": -0.06794704232497295
  },
  "run_b": {
    "sharpe": 1.0269884210256346,
    "annual_return": 0.10350069333235479,
    "annual_volatility": 0.10078077923117239,
    "max_drawdown": -0.1310111057220727
  },
  "diff": {
    "sharpe": 0.5609344357103077,
    "annual_return": 0.08304519939878796,
    "annual_volatility": 0.05688995418066484,
    "max_drawdown": -0.06306406339709975
  }
}