{
  "run_a": {
    "sharpe": 0.6263851143159448,
    "annual_return": 0.06433982717439468,
    "annual_volatility": 0.10904349680661991,
    "max_drawdown": -0.06652179560282157
  },
  "run_b": {
    "sharpe": 1.025608131367861,
    "annual_return": 0.10298810071619013,
    "annual_volatility": 0.10041661875168066,
    "max_drawdown": -0.1365376010545838
  },
  "diff": {
    "sharpe": 0.3992230170519163,
    "annual_return": 0.03864827354179545,
    "annual_volatility": -0.008626878054939252,
    "max_drawdown": -0.07001580545176223
  }
}