{
  "sharpe": -0.14030734214118654,
  "annual_return": -0.006182082807199896,
  "annual_vol": 0.03881450643621658,
  "max_drawdown": -0.18281631112844954,
  "annualized_turnover": 16.352275522755228,
  "turnover_proxy": 16.352275522755228,
  "periods": 2439,
  "equity_final": 0.9417462217534498,
  "fallback_used": false,
  "source": {
    "mode": "historical_test_data",
    "rows": 2439,
    "train_rows": 5699,
    "test_rows": 2443,
    "assets": [
      "0005hkhkd_h1",
      "0175hkhkd_h1",
      "0386hkhkd_h1",
      "0388hkhkd_h1",
      "0700hkhkd_h1",
      "0857hkhkd_h1",
      "0883hkhkd_h1",
      "0939hkhkd_h1"
    ]
  }
}