{
  "ml_enabled": true,
  "modular_path_enabled": true,
  "regime_probabilities": [
    0.39549684753108644,
    0.5,
    0.5
  ],
  "rf_probabilities": [
    0.10214897053893866,
    0.5,
    0.5
  ],
  "blended_probabilities": [
    0.24882290903501256,
    0.5,
    0.5
  ],
  "threshold": 0.65,
  "decisions": [
    0.0,
    0.0,
    0.0
  ],
  "scalar": [
    0.0,
    0.0,
    0.0
  ],
  "notes": "modular ml extraction path"
}