{
  "run_a": {
    "sharpe": 1.0361965995299154,
    "annual_return": 0.10387673791171936,
    "annual_volatility": 0.10024809766683701,
    "max_drawdown": -0.1312560474961253
  },
  "run_b": {
    "sharpe": 1.0361965995299154,
    "annual_return": 0.10387673791171936,
    "annual_volatility": 0.10024809766683701,
    "max_drawdown": -0.1312560474961253
  },
  "diff": {
    "sharpe": 0.0,
    "annual_return": 0.0,
    "annual_volatility": 0.0,
    "max_drawdown": 0.0
  }
}