{
  "run_a": {
    "sharpe": 0.7084486273103353,
    "annual_return": 0.03036024003668847,
    "annual_volatility": 0.04285453999953788,
    "max_drawdown": -0.05793464565433748
  },
  "run_b": {
    "sharpe": 1.0025032814621673,
    "annual_return": 0.10073758050495152,
    "annual_volatility": 0.10048603567464051,
    "max_drawdown": -0.13819244423819121
  },
  "diff": {
    "sharpe": 0.29405465415183196,
    "annual_return": 0.07037734046826305,
    "annual_volatility": 0.05763149567510263,
    "max_drawdown": -0.08025779858385373
  }
}