{
  "sharpe": -1.0443613933751534,
  "annual_return": -0.030543728712290608,
  "annual_vol": 0.0292874917937267,
  "max_drawdown": -0.048260381593714596,
  "annualized_turnover": 0.0,
  "turnover_proxy": 0.0,
  "periods": 290,
  "equity_final": 0.9649321266968328,
  "fallback_used": false,
  "source": {
    "mode": "historical_test_data",
    "rows": 290,
    "train_rows": 690,
    "test_rows": 296,
    "assets": [
      "0005hkhkd",
      "0175hkhkd",
      "0386hkhkd",
      "0388hkhkd",
      "0700hkhkd"
    ]
  }
}