{
  "ml_enabled": true,
  "modular_path_enabled": true,
  "regime_probabilities": [
    0.5,
    0.5,
    0.5,
    0.5300447033478852,
    0.6262865282525976
  ],
  "rf_probabilities": [
    0.5,
    0.5,
    0.5,
    0.6494542599918415,
    0.933685818956337
  ],
  "blended_probabilities": [
    0.5,
    0.5,
    0.5,
    0.5897494816698634,
    0.7799861736044673
  ],
  "threshold": 0.65,
  "decisions": [
    0.0,
    0.0,
    0.0,
    0.0,
    1.0
  ],
  "scalar": [
    0.0,
    0.0,
    0.0,
    0.0,
    1.0019875562440206
  ],
  "notes": "modular ml extraction path"
}