{
  "sharpe": 0.8429180711719256,
  "annual_return": 0.05916254528357334,
  "annual_volatility": 0.0701877766143019,
  "max_drawdown": -0.13174903813112612,
  "legacy_dataset": "test_ml",
  "legacy_metrics_source": "/home/davidv/Dokumente/Offen/TEMA-Live-v2/Template/bl_portfolio_metrics.csv"
}