{
  "ml_enabled": true,
  "modular_path_enabled": true,
  "regime_probabilities": [
    0.5,
    0.5,
    0.5,
    0.527398565685271,
    0.5166889789698065,
    0.5,
    0.3616891366659079,
    0.5
  ],
  "rf_probabilities": [
    0.5,
    0.5,
    0.5,
    0.6369660626240365,
    0.5847365109704316,
    0.5,
    0.05169294841102233,
    0.5
  ],
  "blended_probabilities": [
    0.5,
    0.5,
    0.5,
    0.5821823141546538,
    0.550712744970119,
    0.5,
    0.20669104253846513,
    0.5
  ],
  "threshold": 0.5,
  "decisions": [
    1.0,
    1.0,
    1.0,
    1.0,
    1.0,
    1.0,
    0.0,
    1.0
  ],
  "scalar": [
    0.8999999999999999,
    0.8999999999999999,
    0.8999999999999999,
    0.9986187769855845,
    0.9608552939641428,
    0.8999999999999999,
    0.0,
    0.8999999999999999
  ],
  "notes": "modular ml extraction path"
}