{
  "sharpe": -0.6815394879679096,
  "annual_return": -0.0661306388958165,
  "annual_vol": 0.09386071054288982,
  "max_drawdown": -0.10880398267498692,
  "annualized_turnover": 10.22337877667669,
  "turnover_proxy": 10.22337877667669,
  "periods": 389,
  "equity_final": 0.8997713416437669,
  "fallback_used": false,
  "source": {
    "mode": "historical_test_data",
    "rows": 389,
    "train_rows": 915,
    "test_rows": 393,
    "assets": [
      "0005hkhkd",
      "0175hkhkd",
      "0386hkhkd",
      "0388hkhkd",
      "0700hkhkd",
      "0857hkhkd",
      "0883hkhkd",
      "0939hkhkd"
    ]
  }
}