{
  "ml_enabled": true,
  "modular_path_enabled": true,
  "regime_probabilities": [
    0.5,
    0.5,
    0.5,
    0.42063556339249203,
    0.38406172978128666
  ],
  "rf_probabilities": [
    0.5,
    0.5,
    0.5,
    0.16239613185250504,
    0.08168377579007094
  ],
  "blended_probabilities": [
    0.5,
    0.5,
    0.5,
    0.29151584762249855,
    0.23287275278567882
  ],
  "threshold": 0.0,
  "decisions": [
    1.0,
    1.0,
    1.0,
    1.0,
    1.0
  ],
  "scalar": [
    0.85,
    0.85,
    0.85,
    0.704061093335749,
    0.6630109269499751
  ],
  "notes": "modular ml extraction path"
}