{
  "run_a": {
    "sharpe": 1.1143025191188982,
    "annual_return": 0.09234790646390567,
    "annual_volatility": 0.08287507645314043,
    "max_drawdown": -0.13278409906250918
  },
  "run_b": {
    "sharpe": 1.1143025191188982,
    "annual_return": 0.09234790646390567,
    "annual_volatility": 0.08287507645314043,
    "max_drawdown": -0.13278409906250918
  },
  "diff": {
    "sharpe": 0.0,
    "annual_return": 0.0,
    "annual_volatility": 0.0,
    "max_drawdown": 0.0
  }
}