{
  "ml_enabled": true,
  "modular_path_enabled": true,
  "regime_probabilities": [
    0.5,
    0.5,
    0.5,
    0.42405712613632335,
    0.5841468800014396,
    0.5,
    0.41306764965903014,
    0.5
  ],
  "rf_probabilities": [
    0.5,
    0.5,
    0.5,
    0.17240565676244946,
    0.8508362667212246,
    0.5,
    0.14185628619033933,
    0.5
  ],
  "blended_probabilities": [
    0.5,
    0.5,
    0.5,
    0.2982313914493864,
    0.7174915733613321,
    0.5,
    0.27746196792468475,
    0.5
  ],
  "threshold": 0.0,
  "decisions": [
    1.0,
    1.0,
    1.0,
    1.0,
    1.0,
    1.0,
    1.0,
    1.0
  ],
  "scalar": [
    1.15,
    1.15,
    1.15,
    0.8069933654639567,
    1.5197356747142645,
    1.15,
    0.7716853454719641,
    1.15
  ],
  "notes": "modular ml extraction path"
}