{
  "sharpe": 1.0361965995299154,
  "annual_return": 0.10387673791171936,
  "annual_volatility": 0.10024809766683701,
  "max_drawdown": -0.1312560474961253,
  "legacy_dataset": "test",
  "legacy_metrics_source": "/home/davidv/Dokumente/Offen/TEMA-Live-v2/Template/bl_portfolio_metrics.csv"
}