{
  "sharpe": -1.8944703548755686,
  "annual_return": -0.09613576311121597,
  "annual_vol": 0.05260816655130383,
  "max_drawdown": -0.048260381593714596,
  "annualized_turnover": 0.0,
  "turnover_proxy": 0.0,
  "periods": 89,
  "equity_final": 0.9649321266968328,
  "fallback_used": false,
  "source": {
    "mode": "historical_test_data",
    "rows": 89,
    "train_rows": 218,
    "test_rows": 94,
    "assets": [
      "0005hkhkd",
      "0175hkhkd",
      "0386hkhkd"
    ]
  }
}