{
  "sharpe": -0.2414128268755443,
  "annual_return": -0.0037709906118484904,
  "annual_vol": 0.01517280424570059,
  "max_drawdown": -0.04590850557710413,
  "annualized_turnover": 0.0,
  "turnover_proxy": 0.0,
  "periods": 1838,
  "equity_final": 0.9728199320498314,
  "fallback_used": false,
  "source": {
    "mode": "historical_test_data",
    "rows": 1838,
    "train_rows": 4302,
    "test_rows": 1844,
    "assets": [
      "0005hkhkd_h1",
      "0175hkhkd_h1",
      "0386hkhkd_h1",
      "0388hkhkd_h1",
      "0700hkhkd_h1"
    ]
  }
}