{
  "ml_enabled": true,
  "modular_path_enabled": true,
  "regime_probabilities": [
    0.5794981253530176,
    0.6550759602461376,
    0.5400035012139791
  ],
  "rf_probabilities": [
    0.8379857110235371,
    0.963899241200336,
    0.6946152156821952
  ],
  "blended_probabilities": [
    0.7087419181882774,
    0.8094876007232368,
    0.6173093584480871
  ],
  "threshold": 0.35,
  "decisions": [
    1.0,
    1.0,
    1.0
  ],
  "scalar": [
    0.9961193427317941,
    1.0666413205062657,
    0.932116550913661
  ],
  "notes": "modular ml extraction path"
}