{
  "ml_enabled": true,
  "modular_path_enabled": true,
  "regime_probabilities": [
    0.5,
    0.5,
    0.5,
    0.5,
    0.5,
    0.5,
    0.5,
    0.5,
    0.5,
    0.5,
    0.5,
    0.673405256538602
  ],
  "rf_probabilities": [
    0.5,
    0.5,
    0.5,
    0.5,
    0.5,
    0.5,
    0.5,
    0.5,
    0.5,
    0.5,
    0.5,
    0.9759866448640759
  ],
  "blended_probabilities": [
    0.5,
    0.5,
    0.5,
    0.5,
    0.5,
    0.5,
    0.5,
    0.5,
    0.5,
    0.5,
    0.5,
    0.8246959507013389
  ],
  "threshold": 0.5,
  "decisions": [
    1.0,
    1.0,
    1.0,
    1.0,
    1.0,
    1.0,
    1.0,
    1.0,
    1.0,
    1.0,
    1.0,
    1.0
  ],
  "scalar": [
    0.8500000000000001,
    0.8500000000000001,
    0.8500000000000001,
    0.8500000000000001,
    0.8500000000000001,
    0.8500000000000001,
    0.8500000000000001,
    0.8500000000000001,
    0.8500000000000001,
    0.8500000000000001,
    0.8500000000000001,
    1.2721047359117406
  ],
  "notes": "modular ml extraction path"
}