{
  "sharpe": -1.0443613933751537,
  "annual_return": -0.02388496405957663,
  "annual_vol": 0.022894801986522415,
  "max_drawdown": -0.03785594182841845,
  "annualized_turnover": 0.0,
  "turnover_proxy": 0.0,
  "periods": 290,
  "equity_final": 0.9725631728003535,
  "fallback_used": false,
  "source": {
    "mode": "historical_test_data",
    "rows": 290,
    "train_rows": 690,
    "test_rows": 296,
    "assets": [
      "0005hkhkd",
      "0175hkhkd",
      "0386hkhkd",
      "0388hkhkd",
      "0700hkhkd"
    ]
  }
}