{
  "run_a": {
    "sharpe": 1.0118246847569587,
    "annual_return": 0.10156032963207218,
    "annual_volatility": 0.10037344528362349,
    "max_drawdown": -0.13021319184471408
  },
  "run_b": {
    "sharpe": 1.0118246847569587,
    "annual_return": 0.10156032963207218,
    "annual_volatility": 0.10037344528362349,
    "max_drawdown": -0.13021319184471408
  },
  "diff": {
    "sharpe": 0.0,
    "annual_return": 0.0,
    "annual_volatility": 0.0,
    "max_drawdown": 0.0
  }
}